accession,status
GCF_000009765.2,available
GCF_000010605.1,available
GCF_000091305.1,available
GCF_000092385.1,available
GCF_000147815.2,available
GCF_000148465.1,available
GCF_000154885.1,available
GCF_000154905.1,available
GCF_000154925.1,available
GCF_000154945.1,available
GCF_000154965.1,available
GCF_000156435.1,available
GCF_000156455.1,available
GCF_000156475.1,available
GCF_000156695.2,available
GCF_000158855.1,available
GCF_000158895.1,available
GCF_000158915.1,available
GCF_000158935.1,available
GCF_000158955.1,available
GCF_000158975.1,available
GCF_000162775.1,available
GCF_000163875.1,available
GCF_000176115.2,suppressed
GCF_000177175.2,available
GCF_000177195.2,available
GCF_000179195.1,available
GCF_000179215.1,available
GCF_000204605.1,available
GCF_000213055.1,available
GCF_000220705.2,available
GCF_000225525.1,available
GCF_000226455.1,available
GCF_000237305.1,available
GCF_000239075.1,available
GCF_000240165.1,available
GCF_000241835.1,available
GCF_000242715.1,available
GCF_000245355.1,available
GCF_000253235.1,available
GCF_000259895.1,available
GCF_000261345.2,available
GCF_000262345.1,available
GCF_000280865.2,available
GCF_000280905.1,available
GCF_000297155.3,available
GCF_000297635.1,available
GCF_000299175.2,available
GCF_000302615.1,available
GCF_000316095.1,available
GCF_000317595.1,available
GCF_000331005.1,available
GCF_000331185.2,available
GCF_000332625.1,available
GCF_000340335.1,available
GCF_000340845.1,available
GCF_000342125.1,available
GCF_000342345.1,available
GCF_000349325.1,available
GCF_000359525.1,available
GCF_000364805.1,available
GCF_000365385.1,suppressed
GCF_000367365.1,available
GCF_000373225.1,available
GCF_000373305.1,available
GCF_000373405.1,available
GCF_000373465.1,available
GCF_000373525.1,available
GCF_000373565.1,available
GCF_000373585.1,available
GCF_000373625.1,available
GCF_000373645.1,available
GCF_000373665.1,available
GCF_000373685.1,available
GCF_000375625.1,available
GCF_000375725.1,available
GCF_000376565.1,available
GCF_000377105.1,suppressed
GCF_000377125.1,suppressed
GCF_000377145.1,suppressed
GCF_000377165.1,suppressed
GCF_000377525.1,suppressed
GCF_000377545.1,suppressed
GCF_000377965.1,suppressed
GCF_000380165.1,available
GCF_000381025.1,available
GCF_000382745.1,available
GCF_000383595.1,available
GCF_000383615.1,available
GCF_000383635.1,available
GCF_000383655.1,available
GCF_000383935.1,available
GCF_000384175.1,available
GCF_000385945.1,available
GCF_000403665.1,available
GCF_000403765.2,available
GCF_000404005.1,available
GCF_000411315.1,available
GCF_000411495.1,available
GCF_000412265.2,available
GCF_000414115.1,available
GCF_000418455.1,available
GCF_000424765.1,suppressed
GCF_000424785.1,suppressed
GCF_000424805.1,suppressed
GCF_000424825.1,suppressed
GCF_000424845.1,suppressed
GCF_000424945.1,available
GCF_000424965.1,suppressed
GCF_000426165.1,suppressed
GCF_000426325.1,suppressed
GCF_000429085.1,available
GCF_000444875.1,available
GCF_000478605.2,available
GCF_000482585.1,suppressed
GCF_000495635.1,suppressed
GCF_000495755.1,available
GCF_000497425.1,available
GCF_000497445.1,available
GCF_000498935.1,available
GCF_000504065.1,available
GCF_000514055.1,suppressed
GCF_000514715.1,suppressed
GCF_000514995.1,suppressed
GCF_000515055.1,suppressed
GCF_000518045.1,available
GCF_000527195.1,suppressed
GCF_000590515.1,available
GCF_000611795.1,available
GCF_000612545.1,available
GCF_000647875.1,available
GCF_000686765.1,available
GCF_000695235.1,available
GCF_000696595.1,available
GCF_000698495.1,available
GCF_000698945.1,available
GCF_000700005.2,available
GCF_000701285.1,suppressed
GCF_000701325.1,suppressed
GCF_000702365.1,available
GCF_000707925.2,available
GCF_000707945.1,available
GCF_000707965.1,available
GCF_000709915.1,available
GCF_000715745.1,available
GCF_000715845.1,available
GCF_000716025.1,available
GCF_000716215.1,available
GCF_000716335.1,available
GCF_000716435.1,available
GCF_000716445.1,available
GCF_000716455.1,available
GCF_000716515.1,available
GCF_000716525.1,available
GCF_000716535.1,available
GCF_000716605.1,available
GCF_000716615.1,available
GCF_000716625.1,available
GCF_000716675.1,available
GCF_000716685.1,available
GCF_000716745.1,available
GCF_000716805.1,available
GCF_000716845.1,available
GCF_000716875.1,available
GCF_000716935.1,available
GCF_000716945.1,available
GCF_000717015.1,available
GCF_000717025.1,available
GCF_000717055.1,available
GCF_000717105.1,available
GCF_000717215.1,available
GCF_000717285.1,available
GCF_000717345.1,available
GCF_000717375.1,available
GCF_000717595.1,available
GCF_000717635.1,available
GCF_000717645.1,available
GCF_000717655.1,available
GCF_000717665.1,available
GCF_000717715.1,available
GCF_000717725.1,available
GCF_000717745.1,available
GCF_000717795.1,available
GCF_000717805.1,available
GCF_000717815.1,available
GCF_000717845.1,available
GCF_000717875.1,available
GCF_000717895.1,available
GCF_000717915.1,available
GCF_000717925.1,available
GCF_000717945.1,available
GCF_000717965.1,available
GCF_000717995.1,available
GCF_000718015.1,available
GCF_000718095.1,available
GCF_000718135.1,available
GCF_000718155.1,available
GCF_000718165.1,available
GCF_000718175.1,available
GCF_000718205.1,available
GCF_000718235.1,available
GCF_000718245.1,available
GCF_000718295.1,available
GCF_000718305.1,available
GCF_000718315.1,available
GCF_000718375.1,available
GCF_000718455.1,available
GCF_000718525.1,available
GCF_000718595.1,available
GCF_000718615.1,available
GCF_000718625.1,available
GCF_000718635.1,available
GCF_000718675.1,available
GCF_000718695.1,available
GCF_000718705.1,available
GCF_000718715.1,available
GCF_000718755.1,available
GCF_000718775.1,available
GCF_000718785.1,available
GCF_000718815.1,available
GCF_000718835.1,available
GCF_000718855.1,available
GCF_000718865.1,available
GCF_000718895.1,available
GCF_000718915.1,available
GCF_000718935.1,available
GCF_000718945.1,available
GCF_000718955.1,available
GCF_000718985.1,available
GCF_000719015.1,available
GCF_000719035.1,available
GCF_000719135.1,available
GCF_000719185.1,available
GCF_000719195.1,available
GCF_000719255.1,available
GCF_000719265.1,available
GCF_000719285.1,available
GCF_000719335.1,available
GCF_000719345.1,available
GCF_000719355.1,available
GCF_000719365.1,available
GCF_000719425.1,available
GCF_000719435.1,available
GCF_000719475.1,available
GCF_000719495.1,available
GCF_000719505.1,available
GCF_000719555.1,available
GCF_000719575.1,available
GCF_000719585.1,available
GCF_000719605.1,available
GCF_000719625.1,available
GCF_000719655.1,available
GCF_000719665.1,available
GCF_000719695.1,suppressed
GCF_000719705.1,available
GCF_000719735.1,available
GCF_000719745.1,available
GCF_000719775.1,available
GCF_000719785.1,available
GCF_000719815.1,available
GCF_000719855.1,available
GCF_000719865.1,available
GCF_000719895.1,available
GCF_000719915.1,available
GCF_000719925.1,available
GCF_000719955.1,available
GCF_000720055.1,available
GCF_000720065.1,available
GCF_000720115.1,available
GCF_000720135.1,available
GCF_000720145.1,available
GCF_000720175.1,available
GCF_000720185.1,available
GCF_000720215.1,available
GCF_000720235.1,available
GCF_000720255.1,available
GCF_000720295.1,available
GCF_000720325.1,available
GCF_000720395.1,available
GCF_000720405.1,available
GCF_000720455.1,available
GCF_000720475.1,available
GCF_000720485.1,available
GCF_000720505.1,available
GCF_000720565.1,available
GCF_000720595.1,available
GCF_000720605.1,available
GCF_000720635.1,available
GCF_000720645.1,available
GCF_000720675.1,available
GCF_000720685.1,available
GCF_000720715.1,available
GCF_000720725.1,available
GCF_000720755.1,available
GCF_000720765.1,available
GCF_000720795.1,available
GCF_000720805.1,suppressed
GCF_000720835.1,available
GCF_000720875.1,available
GCF_000720885.1,available
GCF_000720915.1,available
GCF_000721035.1,available
GCF_000721045.1,available
GCF_000721105.1,available
GCF_000721155.1,available
GCF_000721175.1,available
GCF_000721185.1,available
GCF_000721205.1,available
GCF_000721235.1,available
GCF_000721255.1,available
GCF_000721265.1,available
GCF_000721305.1,available
GCF_000721335.1,available
GCF_000721365.1,available
GCF_000721415.1,available
GCF_000721435.1,available
GCF_000721445.1,available
GCF_000721455.1,available
GCF_000721495.1,available
GCF_000721515.1,available
GCF_000721525.1,available
GCF_000721535.1,available
GCF_000721575.1,available
GCF_000721595.1,available
GCF_000721605.1,available
GCF_000721625.1,suppressed
GCF_000721665.1,available
GCF_000721685.1,available
GCF_000721715.1,available
GCF_000721935.1,available
GCF_000721945.1,available
GCF_000721955.1,available
GCF_000722015.1,available
GCF_000722185.1,available
GCF_000725125.1,available
GCF_000725465.1,available
GCF_000725475.1,available
GCF_000725495.1,available
GCF_000725545.1,available
GCF_000725555.1,available
GCF_000725565.1,available
GCF_000725575.1,available
GCF_000725625.1,available
GCF_000725635.1,available
GCF_000725645.1,available
GCF_000725655.1,available
GCF_000725705.1,available
GCF_000725715.1,available
GCF_000725725.1,available
GCF_000725745.1,available
GCF_000725785.1,available
GCF_000725795.1,available
GCF_000725805.1,available
GCF_000725885.1,available
GCF_000738695.1,available
GCF_000738715.1,available
GCF_000739045.1,available
GCF_000739105.1,available
GCF_000743295.1,available
GCF_000745345.1,available
GCF_000745675.1,suppressed
GCF_000745715.1,suppressed
GCF_000746395.1,suppressed
GCF_000761215.1,available
GCF_000764715.1,available
GCF_000772045.1,available
GCF_000772895.1,suppressed
GCF_000797385.1,available
GCF_000800535.1,available
GCF_000802245.2,available
GCF_000805335.1,available
GCF_000813365.1,available
GCF_000816025.1,available
GCF_000816465.3,available
GCF_000816485.1,available
GCF_000818175.1,available
GCF_000818195.1,available
GCF_000819545.1,available
GCF_000827005.1,available
GCF_000829695.1,available
GCF_000829715.2,available
GCF_000830005.1,available
GCF_000931445.1,available
GCF_000932225.2,available
GCF_000935125.1,available
GCF_000935135.2,available
GCF_000935185.3,available
GCF_000952035.2,available
GCF_000955965.1,available
GCF_000956015.1,available
GCF_000958545.1,available
GCF_000961885.1,available
GCF_000964305.1,suppressed
GCF_000966955.1,suppressed
GCF_000966965.1,available
GCF_000966975.1,available
GCF_000968255.1,available
GCF_000968685.2,available
GCF_000972385.1,available
GCF_000972395.1,available
GCF_000972435.1,available
GCF_000974485.1,available
GCF_000974985.2,available
GCF_000980885.2,available
GCF_000981895.1,available
GCF_000988945.1,available
GCF_000993785.3,available
GCF_001005085.2,available
GCF_001005295.1,available
GCF_001005405.1,available
GCF_001008135.1,available
GCF_001008345.1,available
GCF_001011035.1,available
GCF_001013905.1,available
GCF_001014595.1,available
GCF_001027185.1,available
GCF_001040905.1,available
GCF_001044185.1,available
GCF_001044425.1,available
GCF_001047315.1,available
GCF_001047325.1,available
GCF_001049855.1,available
GCF_001083795.1,available
GCF_001184025.1,available
GCF_001187435.1,available
GCF_001189015.1,available
GCF_001189025.1,available
GCF_001189035.1,available
GCF_001190165.1,available
GCF_001267885.1,available
GCF_001270025.1,available
GCF_001270485.1,available
GCF_001270495.1,available
GCF_001270505.1,available
GCF_001270515.1,available
GCF_001270565.1,available
GCF_001270575.1,available
GCF_001270585.1,available
GCF_001270635.1,available
GCF_001270675.1,available
GCF_001278075.1,available
GCF_001278095.1,available
GCF_001279005.1,available
GCF_001279015.1,available
GCF_001279025.1,available
GCF_001279065.1,available
GCF_001279075.1,available
GCF_001279095.1,available
GCF_001279105.1,available
GCF_001279345.1,available
GCF_001279355.1,available
GCF_001279365.1,available
GCF_001279375.1,available
GCF_001279425.1,available
GCF_001279445.1,available
GCF_001279455.1,available
GCF_001279485.1,available
GCF_001279495.1,available
GCF_001279545.1,available
GCF_001279605.1,available
GCF_001279615.1,available
GCF_001279625.1,available
GCF_001279655.1,available
GCF_001279685.1,available
GCF_001279695.1,available
GCF_001279725.1,available
GCF_001279735.1,available
GCF_001279765.1,available
GCF_001279775.1,available
GCF_001279805.1,suppressed
GCF_001279815.1,available
GCF_001279845.1,available
GCF_001279855.1,available
GCF_001279885.1,available
GCF_001279905.1,available
GCF_001279925.1,available
GCF_001279935.1,available
GCF_001279965.1,available
GCF_001279985.1,available
GCF_001280005.1,available
GCF_001280015.1,available
GCF_001280045.1,available
GCF_001280065.1,available
GCF_001280095.1,available
GCF_001280125.1,available
GCF_001280885.1,available
GCF_001282115.1,available
GCF_001293595.1,available
GCF_001294335.1,available
GCF_001294345.1,available
GCF_001414545.1,available
GCF_001417675.1,available
GCF_001417695.1,available
GCF_001417735.1,available
GCF_001417775.1,available
GCF_001418125.1,available
GCF_001418135.1,available
GCF_001418165.1,available
GCF_001418175.1,available
GCF_001418285.1,suppressed
GCF_001418325.1,available
GCF_001418335.1,available
GCF_001418385.1,available
GCF_001418395.1,available
GCF_001418415.1,available
GCF_001418465.1,available
GCF_001418475.1,available
GCF_001418495.1,available
GCF_001418505.1,available
GCF_001418545.1,available
GCF_001418565.1,available
GCF_001418585.1,available
GCF_001418625.1,available
GCF_001418645.1,available
GCF_001418655.1,available
GCF_001419685.1,available
GCF_001419695.1,available
GCF_001419705.1,available
GCF_001419745.1,available
GCF_001419765.1,available
GCF_001419795.1,available
GCF_001425805.1,available
GCF_001426325.1,available
GCF_001426405.1,available
GCF_001426425.1,available
GCF_001426585.1,available
GCF_001426615.1,available
GCF_001427245.1,available
GCF_001427565.1,available
GCF_001427745.1,available
GCF_001428885.1,available
GCF_001431765.1,available
GCF_001434355.1,available
GCF_001445655.1,available
GCF_001445835.1,available
GCF_001447075.1,available
GCF_001469455.2,available
GCF_001482415.1,available
GCF_001484565.1,available
GCF_001484625.1,available
GCF_001485105.1,available
GCF_001485125.1,available
GCF_001485145.1,available
GCF_001493375.1,available
GCF_001507395.1,available
GCF_001507435.1,available
GCF_001509475.1,available
GCF_001509485.1,available
GCF_001509505.1,available
GCF_001509565.1,available
GCF_001509775.1,available
GCF_001509785.1,available
GCF_001509795.1,available
GCF_001513955.1,available
GCF_001513965.1,available
GCF_001513975.1,available
GCF_001513985.1,available
GCF_001514035.1,available
GCF_001514045.1,available
GCF_001514055.1,available
GCF_001514065.1,available
GCF_001514115.1,available
GCF_001514125.1,available
GCF_001514135.1,available
GCF_001514145.1,available
GCF_001514195.1,available
GCF_001514205.1,available
GCF_001514215.1,available
GCF_001514235.1,available
GCF_001514265.1,available
GCF_001514285.1,available
GCF_001514305.1,available
GCF_001517125.1,available
GCF_001531145.1,available
GCF_001541145.1,available
GCF_001542625.1,available
GCF_001543895.1,available
GCF_001543915.1,available
GCF_001543925.1,available
GCF_001550215.1,available
GCF_001550225.1,available
GCF_001550235.1,available
GCF_001550245.1,available
GCF_001550295.1,available
GCF_001550315.1,available
GCF_001550325.1,available
GCF_001550375.1,available
GCF_001553435.1,available
GCF_001553455.1,available
GCF_001553475.1,available
GCF_001570645.1,available
GCF_001572115.1,available
GCF_001577385.1,available
GCF_001579685.1,available
GCF_001590865.1,available
GCF_001592685.1,available
GCF_001595515.1,available
GCF_001598115.1,available
GCF_001611795.1,available
GCF_001625365.1,available
GCF_001632865.1,available
GCF_001636945.1,available
GCF_001640565.1,available
GCF_001642695.1,available
GCF_001642995.1,available
GCF_001646665.1,available
GCF_001650215.1,available
GCF_001652895.1,available
GCF_001653115.1,available
GCF_001653515.1,available
GCF_001654495.1,available
GCF_001660045.1,available
GCF_001661615.1,available
GCF_001672315.1,available
GCF_001685355.1,available
GCF_001687325.1,available
GCF_001693675.1,available
GCF_001700505.1,available
GCF_001700515.1,available
GCF_001704195.1,available
GCF_001704635.1,available
GCF_001705785.1,available
GCF_001715295.1,available
GCF_001723055.1,available
GCF_001723065.1,available
GCF_001723075.1,available
GCF_001723115.1,available
GCF_001729485.1,available
GCF_001735805.1,available
GCF_001746285.1,available
GCF_001746295.1,available
GCF_001746305.1,available
GCF_001746315.1,available
GCF_001746365.1,available
GCF_001746415.1,available
GCF_001746425.1,available
GCF_001746455.1,available
GCF_001746465.1,available
GCF_001746475.1,available
GCF_001746485.1,suppressed
GCF_001748085.1,available
GCF_001748165.1,available
GCF_001748305.1,available
GCF_001750785.1,available
GCF_001751245.1,available
GCF_001751255.1,available
GCF_001751305.1,available
GCF_001751345.1,available
GCF_001751365.1,available
GCF_001751375.1,available
GCF_001753425.1,available
GCF_001756925.1,available
GCF_001767375.1,available
GCF_001865245.1,available
GCF_001865255.1,available
GCF_001865315.1,available
GCF_001865795.1,available
GCF_001866645.1,available
GCF_001866665.1,available
GCF_001866675.1,available
GCF_001879105.1,available
GCF_001885705.1,suppressed
GCF_001886595.1,available
GCF_001888885.1,suppressed
GCF_001895105.1,available
GCF_001896135.2,available
GCF_001905005.1,available
GCF_001905025.1,available
GCF_001905045.1,suppressed
GCF_001905125.1,available
GCF_001905345.1,available
GCF_001905365.1,available
GCF_001905385.1,available
GCF_001905405.1,available
GCF_001905425.1,available
GCF_001905445.1,available
GCF_001905485.1,available
GCF_001905505.1,available
GCF_001905525.1,available
GCF_001905545.1,available
GCF_001905575.1,available
GCF_001905595.1,available
GCF_001905645.1,available
GCF_001905665.1,available
GCF_001905705.1,available
GCF_001905725.1,available
GCF_001905735.1,available
GCF_001905785.1,available
GCF_001905795.1,available
GCF_001905825.1,available
GCF_001905845.1,available
GCF_001905855.1,available
GCF_001905885.1,available
GCF_001905905.1,available
GCF_001906585.1,available
GCF_001931635.1,available
GCF_001941265.1,available
GCF_001941275.1,available
GCF_001941285.1,available
GCF_001941325.1,available
GCF_001941845.1,available
GCF_001949645.1,available
GCF_001953875.1,available
GCF_001953885.1,available
GCF_001969965.1,available
GCF_001970135.1,available
GCF_001974775.1,available
GCF_001975025.1,available
GCF_001983595.1,available
GCF_001983975.1,available
GCF_001984445.1,available
GCF_001984575.1,available
GCF_002005225.1,available
GCF_002005565.1,available
GCF_002007125.1,available
GCF_002007685.1,available
GCF_002009175.1,available
GCF_002017835.1,available
GCF_002019855.1,available
GCF_002021875.1,available
GCF_002028385.1,available
GCF_002028425.1,available
GCF_002078175.1,available
GCF_002078235.1,available
GCF_002080455.1,available
GCF_002082175.1,available
GCF_002082195.1,available
GCF_002090335.1,available
GCF_002094995.1,available
GCF_002099185.1,available
GCF_002114065.1,suppressed
GCF_002114215.1,available
GCF_002119195.1,available
GCF_002119225.1,available
GCF_002128305.1,available
GCF_002148965.1,available
GCF_002150735.1,available
GCF_002150845.1,available
GCF_002154275.1,available
GCF_002154375.1,available
GCF_002154385.1,available
GCF_002154415.1,available
GCF_002154445.1,available
GCF_002154495.1,available
GCF_002154505.1,available
GCF_002154555.1,available
GCF_002154575.1,available
GCF_002154605.1,available
GCF_002154615.1,available
GCF_002154675.1,available
GCF_002155725.1,available
GCF_002155735.1,available
GCF_002155765.1,available
GCF_002155885.1,available
GCF_002155905.1,available
GCF_002155915.1,available
GCF_002156055.1,available
GCF_002156075.1,available
GCF_002156095.1,available
GCF_002156145.1,available
GCF_002158965.1,available
GCF_002188335.1,available
GCF_002188345.1,available
GCF_002188355.1,available
GCF_002188365.1,available
GCF_002189675.2,available
GCF_002192455.1,available
GCF_002214185.1,available
GCF_002217715.1,available
GCF_002217755.1,available
GCF_002224125.1,available
GCF_002237655.1,available
GCF_002242735.1,available
GCF_002242805.1,available
GCF_002251155.1,available
GCF_002261115.1,available
GCF_002277855.1,available
GCF_002286695.1,available
GCF_002288075.1,available
GCF_002289305.1,available
GCF_002289335.1,available
GCF_002291145.1,available
GCF_002300165.1,available
GCF_002300315.1,available
GCF_002300355.1,available
GCF_002300485.1,available
GCF_002317005.1,available
GCF_002317025.1,available
GCF_002317035.1,available
GCF_002335465.1,available
GCF_002382885.1,available
GCF_002551015.1,available
GCF_002551045.1,available
GCF_002551055.1,available
GCF_002551065.1,available
GCF_002551105.1,available
GCF_002551135.1,available
GCF_002551145.1,available
GCF_002551175.1,available
GCF_002551185.1,available
GCF_002551215.1,available
GCF_002551225.1,available
GCF_002551235.1,available
GCF_002551245.1,available
GCF_002551295.1,available
GCF_002551305.1,available
GCF_002551335.1,available
GCF_002551345.1,available
GCF_002551375.1,available
GCF_002551415.1,available
GCF_002551425.1,available
GCF_002551435.1,available
GCF_002551465.1,available
GCF_002551475.1,available
GCF_002556545.1,available
GCF_002573955.1,available
GCF_002591335.1,available
GCF_002633395.1,available
GCF_002705665.1,available
GCF_002705685.1,available
GCF_002705695.1,available
GCF_002705725.1,available
GCF_002705975.1,available
GCF_002711365.1,available
GCF_002727115.1,available
GCF_002742045.1,available
GCF_002754435.1,suppressed
GCF_002754455.1,suppressed
GCF_002754515.1,suppressed
GCF_002754535.1,suppressed
GCF_002754555.1,suppressed
GCF_002754595.1,suppressed
GCF_002754615.1,suppressed
GCF_002754675.1,suppressed
GCF_002754715.1,suppressed
GCF_002761895.1,available
GCF_002777535.1,available
GCF_002794255.1,available
GCF_002797655.1,suppressed
GCF_002797835.1,available
GCF_002802945.1,available
GCF_002803065.1,available
GCF_002803075.1,available
GCF_002803085.1,available
GCF_002803155.1,available
GCF_002803175.1,available
GCF_002803195.1,available
GCF_002803845.1,available
GCF_002804165.1,available
GCF_002811705.1,available
GCF_002812405.1,available
GCF_002813165.1,suppressed
GCF_002813225.1,suppressed
GCF_002813405.1,suppressed
GCF_002832675.1,available
GCF_002843305.1,available
GCF_002844215.1,available
GCF_002846295.1,suppressed
GCF_002846315.1,suppressed
GCF_002846355.1,suppressed
GCF_002846415.1,available
GCF_002846455.1,available
GCF_002846625.1,suppressed
GCF_002847285.1,available
GCF_002879675.2,replaced
GCF_002891295.1,available
GCF_002891315.1,available
GCF_002891435.1,available
GCF_002891865.1,available
GCF_002892485.1,available
GCF_002899455.1,available
GCF_002907485.1,available
GCF_002910725.2,available
GCF_002910755.1,available
GCF_002910775.2,available
GCF_002910795.1,available
GCF_002910815.1,available
GCF_002910825.1,available
GCF_002910855.1,available
GCF_002910875.1,available
GCF_002910895.1,available
GCF_002910905.1,available
GCF_002910915.1,available
GCF_002910935.1,available
GCF_002910985.1,available
GCF_002911015.1,available
GCF_002920535.1,available
GCF_002920575.1,available
GCF_002920615.1,available
GCF_002920635.1,available
GCF_002939385.1,available
GCF_002939475.1,available
GCF_002940705.1,available
GCF_002941025.1,available
GCF_002943895.1,available
GCF_002946835.1,available
GCF_002953255.1,available
GCF_002954775.1,available
GCF_002966105.1,available
GCF_002982015.1,available
GCF_003013745.1,available
GCF_003024195.1,available
GCF_003024215.1,available
GCF_003032475.1,available
GCF_003041235.1,available
GCF_003046555.1,available
GCF_003048205.2,available
GCF_003054555.1,available
GCF_003073355.1,available
GCF_003074055.1,available
GCF_003096915.1,suppressed
GCF_003097515.1,available
GCF_003112515.1,available
GCF_003112535.1,available
GCF_003112555.1,available
GCF_003112575.1,available
GCF_003112595.1,available
GCF_003116675.1,available
GCF_003116685.1,available
GCF_003116715.1,available
GCF_003116725.1,available
GCF_003116755.1,available
GCF_003116775.1,available
GCF_003116795.1,available
GCF_003121295.1,available
GCF_003122345.2,available
GCF_003122365.1,available
GCF_003129505.1,available
GCF_003143855.1,available
GCF_003143935.1,available
GCF_003144095.1,available
GCF_003146615.1,available
GCF_003147545.1,available
GCF_003148825.1,available
GCF_003173275.1,available
GCF_003173635.1,available
GCF_003173645.1,available
GCF_003182455.1,suppressed
GCF_003205575.1,available
GCF_003208035.1,available
GCF_003236365.1,available
GCF_003248335.1,available
GCF_003248355.1,available
GCF_003253495.1,suppressed
GCF_003254205.1,available
GCF_003259275.1,available
GCF_003259355.1,available
GCF_003259365.1,available
GCF_003259575.1,available
GCF_003259585.1,available
GCF_003259625.1,available
GCF_003261055.1,available
GCF_003263885.1,available
GCF_003263925.1,available
GCF_003265665.1,available
GCF_003268535.1,replaced
GCF_003268555.1,available
GCF_003268965.1,available
GCF_003270085.1,available
GCF_003287915.1,available
GCF_003287935.1,available
GCF_003311645.1,available
GCF_003323715.1,available
GCF_003323735.1,available
GCF_003324565.1,available
GCF_003325375.1,available
GCF_003330845.1,available
GCF_003330865.1,available
GCF_003344445.1,available
GCF_003344905.1,available
GCF_003344965.1,available
GCF_003346515.1,available
GCF_003352445.1,available
GCF_003353555.1,available
GCF_003355155.1,available
GCF_003363195.1,available
GCF_003367645.1,available
GCF_003369795.1,available
GCF_003384795.1,suppressed
GCF_003384865.1,suppressed
GCF_003386135.1,suppressed
GCF_003386245.1,suppressed
GCF_003386845.1,suppressed
GCF_003387455.1,available
GCF_003389455.1,available
GCF_003391135.1,available
GCF_003402595.1,available
GCF_003403055.1,available
GCF_003428925.1,available
GCF_003429565.1,available
GCF_003443735.1,available
GCF_003454755.1,available
GCF_003501885.1,available
GCF_003550115.1,suppressed
GCF_003550155.1,suppressed
GCF_003550195.1,suppressed
GCF_003550235.1,suppressed
GCF_003568675.1,available
GCF_003573485.1,available
GCF_003574445.1,available
GCF_003584805.1,available
GCF_003584815.1,available
GCF_003584825.1,available
GCF_003595235.1,available
GCF_003595545.1,available
GCF_003610145.1,suppressed
GCF_003610255.1,available
GCF_003610995.1,available
GCF_003626535.1,available
GCF_003626575.1,available
GCF_003626585.1,available
GCF_003626645.1,available
GCF_003627815.1,available
GCF_003633975.1,suppressed
GCF_003634225.1,suppressed
GCF_003634815.1,available
GCF_003635085.1,available
GCF_003663895.1,suppressed
GCF_003664315.1,suppressed
GCF_003665095.1,available
GCF_003665435.1,available
GCF_003671675.1,available
GCF_003671685.1,available
GCF_003671715.1,available
GCF_003671735.1,available
GCF_003671755.1,available
GCF_003674045.1,suppressed
GCF_003675325.1,available
GCF_003675345.1,available
GCF_003675955.1,available
GCF_003687505.1,available
GCF_003687515.1,available
GCF_003688775.1,suppressed
GCF_003688995.1,available
GCF_003696235.1,available
GCF_003698085.1,available
GCF_003709145.1,available
GCF_003721215.1,available
GCF_003721495.1,available
GCF_003751175.1,suppressed
GCF_003751325.1,suppressed
GCF_003751425.1,available
GCF_003751445.1,available
GCF_003751985.1,available
GCF_003752045.1,suppressed
GCF_003752205.1,available
GCF_003752275.1,available
GCF_003752655.1,suppressed
GCF_003814525.1,suppressed
GCF_003814735.1,available
GCF_003814765.1,available
GCF_003814875.1,available
GCF_003814935.1,suppressed
GCF_003846155.1,available
GCF_003846165.1,available
GCF_003846175.1,available
GCF_003846185.1,available
GCF_003846195.1,available
GCF_003846255.1,available
GCF_003846265.1,available
GCF_003846275.1,available
GCF_003846285.1,available
GCF_003851625.1,available
GCF_003851665.1,available
GCF_003865135.1,available
GCF_003865155.1,available
GCF_003932715.1,available
GCF_003933295.1,available
GCF_003933485.1,available
GCF_003933965.1,available
GCF_003935055.1,available
GCF_003945505.1,available
GCF_003945525.1,available
GCF_003945545.1,available
GCF_003947265.1,replaced
GCF_003947455.1,available
GCF_003947555.1,available
GCF_003947575.1,available
GCF_003947585.1,available
GCF_003949505.1,available
GCF_003949535.1,available
GCF_003949665.1,available
GCF_003949695.1,available
GCF_003949795.1,available
GCF_003949805.1,available
GCF_003949835.1,available
GCF_003949845.1,available
GCF_003949875.1,available
GCF_003949895.1,available
GCF_003949905.1,available
GCF_003949955.1,available
GCF_003950035.1,available
GCF_003950055.1,available
GCF_003955715.1,available
GCF_003963535.1,available
GCF_003970715.1,available
GCF_003977835.1,available
GCF_003977875.1,available
GCF_003984785.1,available
GCF_003984905.1,available
GCF_003984925.1,available
GCF_003984935.1,available
GCF_003984965.1,available
GCF_003984975.1,available
GCF_003989035.1,available
GCF_003994375.1,available
GCF_003994395.1,available
GCF_003999195.1,available
GCF_004000395.1,available
GCF_004000405.1,available
GCF_004005495.1,available
GCF_004010035.1,available
GCF_004023625.1,available
GCF_004028635.1,available
GCF_004078575.1,available
GCF_004104485.1,available
GCF_004104505.1,available
GCF_004115015.1,available
GCF_004117935.1,available
GCF_004122735.1,available
GCF_004122755.1,available
GCF_004123705.1,available
GCF_004124325.1,available
GCF_004124335.1,available
GCF_004125245.1,available
GCF_004125265.1,available
GCF_004125275.1,available
GCF_004125315.1,available
GCF_004127445.1,available
GCF_004151105.1,available
GCF_004187715.1,available
GCF_004193175.1,available
GCF_004195735.1,available
GCF_004195745.1,available
GCF_004195755.1,available
GCF_004195765.1,available
GCF_004195775.1,available
GCF_004195835.1,available
GCF_004195845.1,available
GCF_004195855.1,available
GCF_004195885.1,available
GCF_004195895.1,available
GCF_004195935.1,available
GCF_004195945.1,available
GCF_004195955.1,available
GCF_004195965.1,available
GCF_004195995.1,available
GCF_004196035.1,available
GCF_004196045.1,available
GCF_004196055.1,available
GCF_004196095.1,available
GCF_004196115.1,available
GCF_004196125.1,available
GCF_004196135.1,available
GCF_004196145.1,available
GCF_004196155.1,available
GCF_004196215.1,available
GCF_004196225.1,available
GCF_004196335.1,available
GCF_004212445.1,available
GCF_004217285.1,available
GCF_004217355.1,available
GCF_004217425.1,suppressed
GCF_004217635.1,suppressed
GCF_004295505.1,available
GCF_004305975.1,available
GCF_004320085.1,available
GCF_004328625.1,available
GCF_004334925.1,available
GCF_004337435.2,available
GCF_004341025.1,available
GCF_004341055.1,suppressed
GCF_004341655.1,suppressed
GCF_004342105.1,suppressed
GCF_004342785.1,suppressed
GCF_004343295.1,suppressed
GCF_004343515.1,suppressed
GCF_004345865.1,suppressed
GCF_004346005.1,suppressed
GCF_004346385.1,suppressed
GCF_004348315.1,available
GCF_004348415.1,available
GCF_004353505.1,available
GCF_004353545.1,available
GCF_004359235.1,available
GCF_004363835.1,suppressed
GCF_004364215.1,suppressed
GCF_004364245.1,available
GCF_004364395.1,available
GCF_004364835.1,suppressed
GCF_004365455.1,suppressed
GCF_004365705.1,available
GCF_004368645.1,suppressed
GCF_004368945.1,suppressed
GCF_004368985.1,suppressed
GCF_004403015.1,available
GCF_004522685.1,available
GCF_004524875.1,available
GCF_004563805.1,available
GCF_004684775.1,available
GCF_004684805.1,available
GCF_004768505.1,available
GCF_004784465.1,available
GCF_004784475.1,available
GCF_004794175.1,available
GCF_004794665.1,available
GCF_004794975.1,available
GCF_004795015.1,available
GCF_004795035.1,available
GCF_004795055.1,available
GCF_004795105.1,available
GCF_004795115.1,available
GCF_004795155.1,available
GCF_004795255.1,available
GCF_004795715.1,available
GCF_004798565.1,available
GCF_004798575.1,available
GCF_004803895.1,available
GCF_005047355.1,available
GCF_005048155.1,available
GCF_005222485.1,available
GCF_005234185.1,available
GCF_005280195.1,available
GCF_005280215.1,available
GCF_005405925.1,available
GCF_005405965.1,available
GCF_005406005.1,available
GCF_005490965.1,available
GCF_005517195.1,available
GCF_005519465.1,available
GCF_005768555.2,available
GCF_005786655.1,available
GCF_005795905.1,available
GCF_005860785.2,available
GCF_005869865.1,available
GCF_005938145.1,available
GCF_005981925.1,available
GCF_005981935.1,available
GCF_005981965.1,available
GCF_006088715.1,available
GCF_006229535.1,available
GCF_006334905.2,available
GCF_006334995.2,available
GCF_006335015.1,available
GCF_006335115.1,available
GCF_006516935.1,available
GCF_006539165.1,available
GCF_006539185.1,available
GCF_006539505.1,available
GCF_006540305.1,available
GCF_006547165.1,available
GCF_006547175.1,available
GCF_006547185.1,available
GCF_006715185.1,available
GCF_006715395.1,available
GCF_006715605.1,suppressed
GCF_006715635.1,available
GCF_006715785.1,available
GCF_006715825.1,suppressed
GCF_006715925.1,available
GCF_006716135.1,available
GCF_006782915.1,available
GCF_006788935.1,available
GCF_006974005.1,available
GCF_007050945.1,available
GCF_007096885.1,available
GCF_007097205.2,available
GCF_007097665.2,available
GCF_007113405.2,available
GCF_007113425.2,available
GCF_007113445.1,available
GCF_007113465.1,available
GCF_007113485.2,available
GCF_007113505.2,available
GCF_007113525.2,available
GCF_007113545.2,available
GCF_007113565.2,available
GCF_007113585.2,available
GCF_007113665.2,available
GCF_007176755.1,available
GCF_007280575.1,available
GCF_007280585.1,available
GCF_007363395.1,available
GCF_007595705.1,available
GCF_007655005.1,available
GCF_007677905.1,available
GCF_007679265.1,available
GCF_007679425.1,available
GCF_007679945.1,available
GCF_007827565.1,suppressed
GCF_007827595.1,available
GCF_007827615.1,suppressed
GCF_007828695.1,available
GCF_007829855.1,suppressed
GCF_007829875.1,available
GCF_007829885.1,available
GCF_007856155.1,available
GCF_007896895.1,available
GCF_007896905.1,available
GCF_007994955.1,available
GCF_008016805.1,available
GCF_008033485.1,available
GCF_008039505.1,available
GCF_008042035.1,available
GCF_008042045.1,available
GCF_008042065.1,available
GCF_008042075.1,available
GCF_008042115.1,available
GCF_008042125.1,available
GCF_008042145.1,available
GCF_008042155.1,available
GCF_008042275.1,available
GCF_008064995.1,available
GCF_008086975.1,available
GCF_008087005.1,available
GCF_008107605.1,available
GCF_008120935.1,available
GCF_008124905.1,available
GCF_008124915.1,available
GCF_008124965.1,suppressed
GCF_008124975.1,available
GCF_008124985.1,available
GCF_008125015.1,suppressed
GCF_008125035.1,available
GCF_008180165.1,available
GCF_008271805.1,available
GCF_008312835.1,available
GCF_008312845.1,available
GCF_008369065.1,available
GCF_008386495.1,available
GCF_008632535.1,available
GCF_008632955.1,available
GCF_008634015.1,available
GCF_008634025.1,available
GCF_008639045.1,available
GCF_008639165.1,available
GCF_008642275.1,available
GCF_008642295.1,available
GCF_008642315.1,available
GCF_008642335.1,available
GCF_008642355.1,available
GCF_008642375.1,available
GCF_008704395.1,available
GCF_008704425.1,available
GCF_008704445.1,available
GCF_008704475.1,suppressed
GCF_008704495.1,available
GCF_008704515.1,available
GCF_008704535.1,available
GCF_008704555.1,available
GCF_008704575.1,available
GCF_008704655.1,available
GCF_008704715.1,available
GCF_008704795.1,available
GCF_008704855.1,available
GCF_008704935.1,available
GCF_008704995.1,available
GCF_008705135.1,available
GCF_008705255.1,available
GCF_008806595.1,available
GCF_008868685.1,available
GCF_008905045.1,available
GCF_008931305.1,available
GCF_008932075.1,available
GCF_008973465.1,available
GCF_008974245.1,available
GCF_009025935.1,available
GCF_009176265.1,available
GCF_009184865.1,available
GCF_009208535.1,available
GCF_009296025.1,available
GCF_009299385.1,available
GCF_009377175.1,available
GCF_009377185.1,available
GCF_009377205.1,available
GCF_009377235.1,available
GCF_009495655.1,available
GCF_009498275.1,available
GCF_009569385.1,available
GCF_009600885.1,available
GCF_009600895.1,available
GCF_009604385.1,available
GCF_009604455.1,available
GCF_009650765.1,available
GCF_009709555.1,available
GCF_009709575.1,available
GCF_009735685.1,available
GCF_009739225.1,available
GCF_009739465.1,available
GCF_009739905.1,available
GCF_009755605.1,available
GCF_009769735.1,available
GCF_009789635.1,available
GCF_009796285.1,available
GCF_009811555.1,available
GCF_009811575.1,available
GCF_009811595.1,available
GCF_009811635.1,available
GCF_009823745.1,available
GCF_009827025.1,available
GCF_009829585.1,available
GCF_009831155.1,available
GCF_009832925.1,available
GCF_009834105.1,available
GCF_009834125.1,available
GCF_009834145.1,available
GCF_009834665.1,available
GCF_009846825.1,available
GCF_009852415.1,available
GCF_009857135.1,available
GCF_009862025.1,available
GCF_009862035.1,available
GCF_009862045.1,available
GCF_009862055.1,available
GCF_009862105.1,available
GCF_009862115.1,available
GCF_009862125.1,available
GCF_009862145.1,available
GCF_009862205.1,available
GCF_009862215.1,available
GCF_009862225.1,available
GCF_009862245.1,available
GCF_009862265.1,available
GCF_009862305.1,available
GCF_009862345.1,available
GCF_009862355.1,available
GCF_009862365.1,available
GCF_009862405.1,available
GCF_009862415.1,available
GCF_009862445.1,available
GCF_009862465.1,available
GCF_009862475.1,available
GCF_009862505.1,available
GCF_009862515.1,available
GCF_009862625.1,available
GCF_009862635.1,available
GCF_009862685.1,available
GCF_009862765.1,available
GCF_009862825.1,available
GCF_009862845.1,available
GCF_009862865.1,available
GCF_009862885.1,available
GCF_009862895.1,suppressed
GCF_009862925.1,available
GCF_009862935.1,available
GCF_009862965.1,available
GCF_009862985.1,available
GCF_009863005.1,available
GCF_009863025.1,available
GCF_009863035.1,available
GCF_009863045.1,available
GCF_009863085.1,available
GCF_009863095.1,available
GCF_009863125.1,available
GCF_009863145.1,available
GCF_009863155.1,available
GCF_009863165.1,available
GCF_009863175.1,available
GCF_009863225.1,available
GCF_009863235.1,available
GCF_009863265.1,available
GCF_009863275.1,available
GCF_009863285.1,available
GCF_009864805.1,available
GCF_009864845.1,available
GCF_009864855.1,available
GCF_009864865.1,available
GCF_009864905.1,available
GCF_009864915.1,available
GCF_009864985.1,available
GCF_009865025.1,available
GCF_009865035.1,available
GCF_009865065.1,available
GCF_009865075.1,available
GCF_009865085.1,available
GCF_009865125.1,available
GCF_009865135.1,available
GCF_009865165.1,available
GCF_009865175.1,available
GCF_009865205.1,available
GCF_009865215.1,available
GCF_009865265.1,available
GCF_009865275.1,available
GCF_009865305.1,available
GCF_009865325.1,available
GCF_009865365.1,available
GCF_009865385.1,available
GCF_009865405.1,available
GCF_009865425.1,available
GCF_009865465.1,available
GCF_009865475.1,available
GCF_009865505.1,available
GCF_009865545.1,available
GCF_009865565.1,available
GCF_009865585.1,available
GCF_009865595.1,available
GCF_009865605.1,available
GCF_009866455.1,available
GCF_009867075.1,available
GCF_009870065.1,available
GCF_009870085.1,available
GCF_009870095.1,available
GCF_009872515.1,available
GCF_009872535.1,available
GCF_009872555.1,available
GCF_009872565.1,available
GCF_009872595.1,available
GCF_009872615.1,available
GCF_009873275.1,available
GCF_009908195.1,available
GCF_009916105.1,available
GCF_009936315.1,available
GCF_010119355.1,available
GCF_010384365.1,available
GCF_010523235.1,available
GCF_010548045.1,available
GCF_010548075.1,available
GCF_010548115.1,available
GCF_010548145.1,available
GCF_010548165.1,available
GCF_010548175.1,available
GCF_010548185.1,available
GCF_010548215.1,available
GCF_010548245.1,available
GCF_010548275.1,available
GCF_010548305.1,available
GCF_010548325.1,available
GCF_010548345.1,available
GCF_010548375.1,available
GCF_010548385.1,available
GCF_010548435.1,available
GCF_010548465.1,available
GCF_010548475.1,available
GCF_010548505.1,available
GCF_010548515.1,available
GCF_010548525.1,available
GCF_010548565.1,available
GCF_010548575.1,available
GCF_010548605.1,available
GCF_010548615.1,available
GCF_010548665.1,available
GCF_010548675.1,available
GCF_010548705.1,available
GCF_010548715.1,available
GCF_010548725.1,available
GCF_010550245.1,available
GCF_010550325.1,available
GCF_010550365.1,available
GCF_010550375.1,available
GCF_010550405.1,available
GCF_010550435.1,available
GCF_010550505.1,available
GCF_010550525.1,available
GCF_010550535.1,available
GCF_010550605.1,available
GCF_010550625.1,available
GCF_010550645.1,available
GCF_010669165.1,available
GCF_010820575.1,available
GCF_010892295.1,available
GCF_010993835.1,available
GCF_011006355.1,available
GCF_011007525.1,available
GCF_011008945.1,available
GCF_011044975.1,available
GCF_011044995.1,available
GCF_011045015.1,available
GCF_011045025.1,available
GCF_011045075.1,available
GCF_011055525.1,available
GCF_011170105.1,available
GCF_011170125.1,available
GCF_011170145.1,available
GCF_011193355.1,available
GCF_011290345.1,available
GCF_011317205.1,available
GCF_011421595.1,available
GCF_011650445.1,available
GCF_011694815.1,available
GCF_011751035.2,available
GCF_011758705.1,available
GCF_011765715.1,available
GCF_011766325.1,available
GCF_011800555.1,available
GCF_011820545.1,available
GCF_011882225.1,available
GCF_012033735.1,available
GCF_012033785.1,available
GCF_012034175.1,available
GCF_012034205.1,available
GCF_012034235.1,available
GCF_012034295.1,available
GCF_012034305.1,available
GCF_012034385.1,available
GCF_012034935.1,available
GCF_012044595.1,available
GCF_012184365.1,replaced
GCF_012273495.1,available
GCF_012273515.1,available
GCF_012273535.1,available
GCF_012273655.1,available
GCF_012328665.1,available
GCF_012726235.1,available
GCF_012726265.1,available
GCF_012922115.1,available
GCF_012927225.1,available
GCF_012927245.1,available
GCF_012933395.1,available
GCF_013004455.1,available
GCF_013009255.1,available
GCF_013010335.1,available
GCF_013018355.1,available
GCF_013030945.1,available
GCF_013044505.1,available
GCF_013046785.1,available
GCF_013055795.1,available
GCF_013085465.1,available
GCF_013167895.1,available
GCF_013177615.1,available
GCF_013302895.1,available
GCF_013302945.1,available
GCF_013307045.1,available
GCF_013317105.1,available
GCF_013345665.1,available
GCF_013357925.1,available
GCF_013357935.1,available
GCF_013357965.1,available
GCF_013358025.1,available
GCF_013358045.1,available
GCF_013358055.1,available
GCF_013358065.1,available
GCF_013358105.1,available
GCF_013358115.1,available
GCF_013358135.1,available
GCF_013358155.1,available
GCF_013358165.1,available
GCF_013358235.1,available
GCF_013358245.1,available
GCF_013358305.1,available
GCF_013358325.1,available
GCF_013358335.1,available
GCF_013362995.1,available
GCF_013363455.1,available
GCF_013363465.1,available
GCF_013363475.1,available
GCF_013363485.1,available
GCF_013363555.1,available
GCF_013363575.1,available
GCF_013363585.1,available
GCF_013363615.1,available
GCF_013363655.1,available
GCF_013363665.1,available
GCF_013363675.1,available
GCF_013363715.1,available
GCF_013363735.1,available
GCF_013364095.1,available
GCF_013364155.1,available
GCF_013364175.1,available
GCF_013364195.1,available
GCF_013364255.1,suppressed
GCF_013364315.1,available
GCF_013364335.1,available
GCF_013364375.1,available
GCF_013371965.1,available
GCF_013375055.1,available
GCF_013376795.1,available
GCF_013387495.1,available
GCF_013394065.1,available
GCF_013401435.1,available
GCF_013401535.1,available
GCF_013409565.1,available
GCF_013414305.1,available
GCF_013421635.1,available
GCF_013423905.1,available
GCF_013433285.1,available
GCF_013450295.1,available
GCF_013618515.1,available
GCF_013618545.1,available
GCF_013693715.1,available
GCF_013778455.1,available
GCF_013870495.1,available
GCF_013870515.1,available
GCF_013870535.1,available
GCF_013870595.1,available
GCF_013912435.1,available
GCF_013913525.1,available
GCF_014070435.1,available
GCF_014076605.1,available
GCF_014083905.1,available
GCF_014083985.1,available
GCF_014138545.1,available
GCF_014138735.1,available
GCF_014138855.1,available
GCF_014138905.1,available
GCF_014141525.1,available
GCF_014141535.1,available
GCF_014156695.1,available
GCF_014170455.1,available
GCF_014191845.1,available
GCF_014197485.1,available
GCF_014202475.1,available
GCF_014203415.1,suppressed
GCF_014203435.1,suppressed
GCF_014203475.1,available
GCF_014203495.1,available
GCF_014203505.1,available
GCF_014203535.1,available
GCF_014203545.1,available
GCF_014203555.1,available
GCF_014203595.1,available
GCF_014203645.1,available
GCF_014203845.1,suppressed
GCF_014203895.1,available
GCF_014204855.1,suppressed
GCF_014205035.1,available
GCF_014205055.1,available
GCF_014205255.1,available
GCF_014205315.1,available
GCF_014207295.1,available
GCF_014207445.1,available
GCF_014207735.1,suppressed
GCF_014216315.1,available
GCF_014216335.1,available
GCF_014217585.1,available
GCF_014252945.1,available
GCF_014253015.1,available
GCF_014257025.1,available
GCF_014280945.1,available
GCF_014281035.1,available
GCF_014281095.1,available
GCF_014284355.1,available
GCF_014284425.1,available
GCF_014295035.1,available
GCF_014451325.1,replaced
GCF_014489615.1,available
GCF_014489635.1,available
GCF_014493765.1,available
GCF_014495685.1,available
GCF_014495705.1,available
GCF_014534645.1,available
GCF_014596445.1,available
GCF_014596465.1,available
GCF_014596475.1,available
GCF_014596505.1,available
GCF_014596515.1,available
GCF_014596525.1,available
GCF_014596915.1,available
GCF_014621695.1,available
GCF_014645815.1,available
GCF_014645835.1,available
GCF_014645895.1,available
GCF_014646055.1,available
GCF_014646095.1,available
GCF_014646115.1,available
GCF_014646275.1,available
GCF_014646335.1,available
GCF_014647675.1,available
GCF_014647695.1,available
GCF_014647875.1,available
GCF_014647975.1,available
GCF_014648075.1,available
GCF_014648195.1,available
GCF_014648615.1,available
GCF_014648635.1,available
GCF_014648655.1,available
GCF_014648695.1,available
GCF_014648775.1,available
GCF_014648795.1,available
GCF_014648815.1,available
GCF_014648835.1,available
GCF_014648855.1,available
GCF_014648875.1,available
GCF_014648895.1,available
GCF_014648915.1,available
GCF_014648935.1,available
GCF_014648955.1,available
GCF_014648995.1,available
GCF_014649015.1,available
GCF_014649035.1,available
GCF_014649055.1,available
GCF_014649075.1,available
GCF_014649095.1,available
GCF_014649115.1,available
GCF_014649135.1,available
GCF_014649195.1,available
GCF_014649215.1,available
GCF_014649235.1,available
GCF_014649255.1,available
GCF_014649275.1,available
GCF_014649315.1,available
GCF_014649335.1,available
GCF_014649375.1,available
GCF_014649395.1,available
GCF_014649415.1,available
GCF_014649435.1,available
GCF_014649455.1,available
GCF_014649475.1,available
GCF_014649495.1,available
GCF_014649515.1,available
GCF_014649535.1,available
GCF_014649595.1,available
GCF_014649635.1,available
GCF_014649655.1,available
GCF_014649675.1,available
GCF_014649695.1,available
GCF_014649715.1,available
GCF_014649735.1,available
GCF_014649755.1,available
GCF_014649775.1,available
GCF_014649795.1,available
GCF_014649815.1,available
GCF_014649835.1,available
GCF_014649855.1,available
GCF_014649875.1,available
GCF_014649895.1,available
GCF_014649915.1,available
GCF_014649935.1,available
GCF_014649955.1,available
GCF_014649995.1,available
GCF_014650035.1,available
GCF_014650055.1,available
GCF_014650075.1,available
GCF_014650095.1,available
GCF_014650115.1,available
GCF_014650135.1,available
GCF_014650155.1,available
GCF_014650175.1,available
GCF_014650195.1,available
GCF_014650215.1,available
GCF_014650235.1,available
GCF_014650255.1,available
GCF_014650275.1,available
GCF_014650295.1,available
GCF_014650315.1,available
GCF_014650335.1,available
GCF_014650355.1,available
GCF_014650375.1,available
GCF_014650395.1,available
GCF_014650435.1,available
GCF_014650455.1,available
GCF_014650495.1,available
GCF_014650515.1,available
GCF_014650535.1,available
GCF_014650555.1,available
GCF_014650575.1,available
GCF_014650595.1,available
GCF_014650615.1,available
GCF_014650635.1,available
GCF_014650655.1,available
GCF_014650675.1,available
GCF_014650695.1,available
GCF_014650715.1,available
GCF_014650735.1,available
GCF_014650755.1,available
GCF_014650775.1,available
GCF_014650795.1,available
GCF_014650815.1,available
GCF_014650835.1,available
GCF_014650855.1,available
GCF_014650875.1,available
GCF_014650895.1,available
GCF_014650915.1,available
GCF_014650935.1,available
GCF_014650955.1,available
GCF_014650975.1,available
GCF_014650995.1,available
GCF_014651015.1,available
GCF_014651035.1,available
GCF_014651055.1,available
GCF_014651075.1,available
GCF_014651095.1,available
GCF_014651115.1,available
GCF_014651135.1,available
GCF_014651155.1,available
GCF_014651195.1,available
GCF_014653855.1,available
GCF_014654675.1,available
GCF_014654785.1,available
GCF_014654895.1,available
GCF_014654935.1,available
GCF_014655085.1,available
GCF_014655295.1,available
GCF_014655335.1,available
GCF_014655475.1,available
GCF_014655595.1,available
GCF_014655715.1,available
GCF_014655855.1,available
GCF_014656035.1,available
GCF_014656055.1,available
GCF_014656075.1,available
GCF_014656095.1,available
GCF_014656115.1,available
GCF_014656135.1,available
GCF_014656155.1,available
GCF_014656215.1,available
GCF_014656235.1,available
GCF_014656255.1,available
GCF_014656275.1,available
GCF_014656295.1,available
GCF_014656315.1,available
GCF_014673495.1,available
GCF_014701095.1,available
GCF_014701115.1,available
GCF_014712245.1,available
GCF_014748265.1,available
GCF_014748275.1,available
GCF_014748315.1,available
GCF_014779715.1,available
GCF_014852565.1,available
GCF_014852645.1,available
GCF_014852655.1,available
GCF_014852675.1,suppressed
GCF_014854025.1,available
GCF_014873495.1,available
GCF_014905535.1,available
GCF_014905555.1,available
GCF_014930355.1,available
GCF_014930365.1,available
GCF_014930395.1,available
GCF_014930405.1,available
GCF_014930415.1,available
GCF_015160855.1,available
GCF_015160875.1,available
GCF_015163075.1,available
GCF_015244315.1,available
GCF_015321285.1,available
GCF_015475835.1,available
GCF_015475845.1,available
GCF_015601545.1,available
GCF_015645455.1,available
GCF_015680775.2,available
GCF_015689475.1,available
GCF_015708605.1,available
GCF_015710995.1,available
GCF_015712165.1,available
GCF_015767735.1,available
GCF_015767755.1,available
GCF_015767775.1,available
GCF_015767795.1,available
GCF_015767815.1,available
GCF_015767855.1,available
GCF_015767875.1,available
GCF_015767895.1,available
GCF_015767915.1,available
GCF_015767935.1,available
GCF_015770475.1,available
GCF_015910445.1,available
GCF_015912395.1,available
GCF_015912435.1,available
GCF_015912455.1,available
GCF_015912465.1,available
GCF_015912875.1,available
GCF_015912895.1,available
GCF_015912925.1,available
GCF_015912945.1,available
GCF_015912975.1,available
GCF_015912985.1,available
GCF_015912995.1,available
GCF_015999245.1,available
GCF_016017415.1,available
GCF_016031615.1,available
GCF_016103465.1,available
GCF_016103505.1,available
GCF_016107395.1,available
GCF_016128295.1,available
GCF_016411765.1,available
GCF_016432665.1,available
GCF_016432685.1,available
GCF_016432735.1,available
GCF_016457305.1,available
GCF_016464295.1,available
GCF_016467295.1,available
GCF_016482685.1,available
GCF_016491645.1,available
GCF_016521585.1,available
GCF_016598475.1,available
GCF_016598575.1,available
GCF_016598615.1,available
GCF_016605905.1,available
GCF_016612545.1,available
GCF_016612575.1,available
GCF_016612605.1,available
GCF_016612625.1,available
GCF_016612645.1,available
GCF_016612655.1,available
GCF_016612665.1,available
GCF_016612705.1,available
GCF_016612725.1,available
GCF_016612755.1,available
GCF_016612775.1,available
GCF_016612805.1,available
GCF_016612825.1,available
GCF_016612855.1,available
GCF_016613285.1,available
GCF_016613335.1,available
GCF_016624005.1,available
GCF_016653995.1,available
GCF_016654055.1,available
GCF_016654065.1,available
GCF_016654115.1,available
GCF_016741775.1,available
GCF_016741785.1,available
GCF_016741825.1,available
GCF_016741855.1,available
GCF_016741875.1,available
GCF_016741935.1,available
GCF_016745505.1,available
GCF_016755835.1,available
GCF_016755855.1,available
GCF_016755875.1,available
GCF_016755895.1,available
GCF_016756395.1,available
GCF_016757295.1,available
GCF_016772455.1,available
GCF_016803985.1,available
GCF_016804005.1,available
GCF_016834575.1,available
GCF_016860525.1,available
GCF_016860545.1,available
GCF_016876065.1,available
GCF_016900915.2,suppressed
GCF_016900935.1,available
GCF_016901035.1,available
GCF_016905445.1,available
GCF_016906185.1,available
GCF_016906205.1,available
GCF_016906225.1,available
GCF_016906245.1,available
GCF_016906265.1,available
GCF_016909575.1,available
GCF_016916835.1,available
GCF_016917755.1,available
GCF_016918855.1,available
GCF_016919245.1,available
GCF_016919685.1,available
GCF_016921115.1,available
GCF_017114865.1,available
GCF_017164735.1,available
GCF_017168205.1,available
GCF_017311125.1,available
GCF_017315755.1,available
GCF_017349075.1,available
GCF_017352335.1,available
GCF_017353455.1,available
GCF_017356985.1,available
GCF_017358145.1,available
GCF_017377775.1,available
GCF_017427025.1,available
GCF_017526105.1,available
GCF_017592595.1,available
GCF_017614965.1,available
GCF_017639205.1,available
GCF_017676345.1,available
GCF_017676365.1,available
GCF_017676385.1,available
GCF_017813245.1,available
GCF_017825375.1,available
GCF_017874495.1,available
GCF_017874515.1,available
GCF_017874715.1,available
GCF_017876235.1,available
GCF_017876255.1,available
GCF_017876625.1,available
GCF_017877015.1,available
GCF_017916255.1,available
GCF_017933115.1,available
GCF_017933235.1,available
GCF_017933255.1,available
GCF_017942185.1,available
GCF_017948455.1,available
GCF_017948485.1,available
GCF_017948495.1,available
GCF_017968905.1,available
GCF_017968935.1,available
GCF_017968965.1,available
GCF_017969005.1,available
GCF_017969025.1,available
GCF_017969045.1,available
GCF_017969075.1,available
GCF_017979945.1,available
GCF_018035285.1,available
GCF_018069565.1,available
GCF_018069625.1,available
GCF_018070025.1,available
GCF_018070055.1,available
GCF_018070125.1,available
GCF_018070145.1,available
GCF_018070165.1,available
GCF_018070175.1,available
GCF_018070205.1,available
GCF_018070225.1,available
GCF_018070255.1,available
GCF_018070265.1,available
GCF_018070345.1,available
GCF_018070535.1,available
GCF_018070565.1,available
GCF_018070605.1,available
GCF_018070665.1,available
GCF_018070745.1,available
GCF_018101125.2,available
GCF_018128905.1,available
GCF_018138705.1,available
GCF_018138715.1,available
GCF_018141485.1,available
GCF_018255875.1,available
GCF_018310535.1,available
GCF_018310575.1,available
GCF_018327685.1,available
GCF_018530775.1,available
GCF_018530825.1,available
GCF_018555775.1,available
GCF_018604545.1,available
GCF_018613915.1,available
GCF_018614005.1,available
GCF_018614035.1,available
GCF_018614055.1,available
GCF_018614075.1,available
GCF_018614095.1,available
GCF_018614105.1,available
GCF_018614135.1,available
GCF_018614155.1,available
GCF_018614175.1,available
GCF_018614185.1,available
GCF_018614195.1,available
GCF_018614205.1,available
GCF_018614355.1,available
GCF_018614415.1,available
GCF_018614445.1,available
GCF_018614475.1,available
GCF_018614515.1,available
GCF_018614525.1,available
GCF_018614575.1,available
GCF_018614585.1,available
GCF_018614615.1,available
GCF_018619135.1,available
GCF_018619155.1,available
GCF_018619165.1,available
GCF_018619185.1,available
GCF_018619195.1,available
GCF_018619235.1,available
GCF_018619495.1,available
GCF_018619515.1,available
GCF_018619535.1,available
GCF_018619555.1,available
GCF_018619575.1,available
GCF_018619585.1,available
GCF_018638295.1,available
GCF_018638305.1,available
GCF_018638335.1,available
GCF_018728545.1,available
GCF_018866325.1,available
GCF_018883605.1,available
GCF_018927715.1,available
GCF_018966745.1,available
GCF_018982965.1,available
GCF_019029485.1,available
GCF_019029505.1,available
GCF_019049085.1,available
GCF_019049125.1,available
GCF_019049165.1,available
GCF_019049185.1,available
GCF_019049205.1,available
GCF_019049225.1,available
GCF_019049245.1,available
GCF_019049255.1,available
GCF_019049285.1,available
GCF_019049305.1,available
GCF_019049325.1,available
GCF_019049345.1,available
GCF_019056675.1,available
GCF_019067045.1,available
GCF_019090105.1,available
GCF_019090125.1,available
GCF_019090165.1,available
GCF_019091445.1,available
GCF_019091475.1,available
GCF_900079405.2,available
GCF_900079415.1,available
GCF_900090065.1,available
GCF_900090075.1,available
GCF_900090085.1,available
GCF_900090095.1,available
GCF_900090115.1,available
GCF_900090125.1,available
GCF_900090135.1,available
GCF_900090145.1,available
GCF_900091315.1,available
GCF_900091485.1,available
GCF_900091715.1,available
GCF_900091725.1,available
GCF_900091745.1,available
GCF_900091755.1,available
GCF_900091765.1,available
GCF_900091775.1,available
GCF_900091785.1,available
GCF_900091815.1,available
GCF_900091825.1,available
GCF_900091835.1,available
GCF_900091845.1,available
GCF_900091855.1,available
GCF_900091865.1,available
GCF_900091875.1,available
GCF_900091885.1,available
GCF_900091905.1,available
GCF_900091955.1,available
GCF_900091975.1,available
GCF_900091985.1,available
GCF_900091995.1,available
GCF_900092005.1,available
GCF_900092015.1,available
GCF_900095575.1,available
GCF_900100315.1,available
GCF_900101585.1,available
GCF_900101975.1,available
GCF_900102095.1,available
GCF_900102245.1,available
GCF_900103455.1,available
GCF_900103585.1,available
GCF_900103985.1,available
GCF_900104815.1,available
GCF_900104865.1,available
GCF_900104935.1,available
GCF_900105235.1,available
GCF_900105245.1,available
GCF_900105265.1,available
GCF_900105275.1,available
GCF_900105395.1,suppressed
GCF_900105415.1,available
GCF_900105465.1,available
GCF_900105515.1,available
GCF_900105525.1,available
GCF_900105605.1,available
GCF_900105695.1,available
GCF_900105705.1,available
GCF_900105755.1,available
GCF_900105775.1,available
GCF_900105915.1,available
GCF_900107965.1,available
GCF_900110255.1,available
GCF_900110735.1,available
GCF_900110755.1,available
GCF_900111245.1,available
GCF_900112355.1,available
GCF_900112845.1,available
GCF_900112965.1,available
GCF_900114215.1,available
GCF_900114955.1,available
GCF_900116145.1,available
GCF_900116325.1,available
GCF_900119365.1,available
GCF_900129855.1,available
GCF_900142575.1,available
GCF_900171555.1,available
GCF_900177255.1,available
GCF_900187385.1,available
GCF_900187925.1,available
GCF_900188405.1,available
GCF_900199205.1,available
GCF_900206255.1,available
GCF_900207595.1,available
GCF_900215305.1,available
GCF_900215565.1,available
GCF_900215595.1,available
GCF_900215615.1,available
GCF_900221035.1,available
GCF_900230195.1,available
GCF_900230275.1,available
GCF_900236475.1,available
GCF_900236505.1,available
GCF_900290235.1,available
GCF_900290435.1,available
GCF_900460065.1,available
GCF_900460115.1,available
GCF_902506575.1,available
GCF_904440635.1,available
GCF_904440645.1,available
